part_number,product_name,po_reference,po_reference_name,total_quantity
031998-M100-001A,.,"PO-001268, PO-001269, PO-001338, PO-001340, PO-001341","AV63-A, AV63-B, AV63C, AV63D, AV63E",44
031998-M100-002A,.,"PO-001268, PO-001269, PO-001338, PO-001340, PO-001341","AV63-A, AV63-B, AV63C, AV63D, AV63E",44
031998-M100-003A,.,"PO-001268, PO-001269, PO-001338, PO-001340, PO-001341","AV63-A, AV63-B, AV63C, AV63D, AV63E",44
031998-M100-004A,.,"PO-001268, PO-001269, PO-001338, PO-001340, PO-001341","AV63-A, AV63-B, AV63C, AV63D, AV63E",88
031998-M100-005A ,.,"PO-001268, PO-001269, PO-001338, PO-001340, PO-001341","AV63-A, AV63-B, AV63C, AV63D, AV63E",44
031998-M100-006A,.,"PO-001268, PO-001269, PO-001338, PO-001340, PO-001341","AV63-A, AV63-B, AV63C, AV63D, AV63E",44
031998-M100-007A,.,"PO-001268, PO-001269, PO-001338, PO-001340, PO-001341","AV63-A, AV63-B, AV63C, AV63D, AV63E",44
031998-M100-008A,.,"PO-001268, PO-001269, PO-001338, PO-001340, PO-001341","AV63-A, AV63-B, AV63C, AV63D, AV63E",44
031998-M100-009A,.,"PO-001268, PO-001269, PO-001338, PO-001340, PO-001341","AV63-A, AV63-B, AV63C, AV63D, AV63E",44
031998-M100-010A,.,"PO-001268, PO-001269, PO-001338, PO-001340, PO-001341","AV63-A, AV63-B, AV63C, AV63D, AV63E",44
031998-M100-011A,.,"PO-001268, PO-001269, PO-001338, PO-001340, PO-001341","AV63-A, AV63-B, AV63C, AV63D, AV63E",44
031998-M100-012A,.,"PO-001268, PO-001269, PO-001338, PO-001340, PO-001341","AV63-A, AV63-B, AV63C, AV63D, AV63E",44
031998-M100-014A,.,"PO-001268, PO-001269, PO-001338, PO-001340, PO-001341","AV63-A, AV63-B, AV63C, AV63D, AV63E",44
031998-M100-015A,.,"PO-001268, PO-001269, PO-001338, PO-001340, PO-001341","AV63-A, AV63-B, AV63C, AV63D, AV63E",88
031998-M100-016A,.,"PO-001268, PO-001269, PO-001338, PO-001340, PO-001341","AV63-A, AV63-B, AV63C, AV63D, AV63E",44
031998-M100-017A ,.,"PO-001268, PO-001269, PO-001338, PO-001340, PO-001341","AV63-A, AV63-B, AV63C, AV63D, AV63E",176
031998-M100-018A,.,"PO-001268, PO-001269, PO-001338, PO-001340, PO-001341","AV63-A, AV63-B, AV63C, AV63D, AV63E",176
031998-M100-019A,.,"PO-001268, PO-001269, PO-001338, PO-001340, PO-001341","AV63-A, AV63-B, AV63C, AV63D, AV63E",88
031998-M100-020A,.,"PO-001268, PO-001269, PO-001338, PO-001340, PO-001341","AV63-A, AV63-B, AV63C, AV63D, AV63E",88
031998-M200-000A,.,"PO-001268, PO-001269, PO-001338, PO-001340, PO-001341","AV63-A, AV63-B, AV63C, AV63D, AV63E",44
031998-M300-000A,.,"PO-001268, PO-001269, PO-001338, PO-001340, PO-001341","AV63-A, AV63-B, AV63C, AV63D, AV63E",44
031998-M400-001,.,"PO-001269, PO-001341, PO-001342","AV63-B, AV63C, AV63F",54
032010-M100-001B,.,PO-001450,AV63,1
032010-M100-002,.,PO-001450,AV63,1
032010-M100-003,.,PO-001450,AV63,1
032046-M100-001B,.,PO-001342,AV63F,34
032046-M100-002C,.,PO-001342,AV63F,34
032046-M100-003A,.,PO-001342,AV63F,34
032046-M100-004A,.,PO-001342,AV63F,68
032046-M100-005A,.,PO-001342,AV63F,34
032046-M100-006A,.,PO-001342,AV63F,34
032046-M100-007A,.,PO-001342,AV63F,34
032046-M100-008A,.,PO-001342,AV63F,34
032046-M100-009A,.,PO-001342,AV63F,34
032046-M100-010A,.,PO-001342,AV63F,34
032046-M100-011A,.,PO-001342,AV63F,34
032046-M100-012A,.,PO-001342,AV63F,34
032046-M100-013A,.,PO-001342,AV63F,34
032046-M100-014C,.,PO-001342,AV63F,68
032046-M100-015A,.,PO-001342,AV63F,34
032046-M100-016A,.,PO-001342,AV63F,136
032046-M100-017A,.,PO-001342,AV63F,136
032046-M100-018A,.,PO-001342,AV63F,68
032046-M100-019A,.,PO-001342,AV63F,68
032046-M200-000A,.,PO-001342,AV63F,34
032046-M300-000A,.,PO-001342,AV63F,34
032047-M100-001A,.,PO-001449,AV63-H,1
032047-M100-002A,.,PO-001449,AV63-H,1
032047-M100-003A,.,PO-001449,AV63-H,1
A007-100-61013A,.,"PO-001269, PO-001341, PO-001342","AV63-B, AV63C, AV63F",54
A007-100-61013B,.,"PO-001268, PO-001338, PO-001340","AV63-A, AV63D, AV63E",24
A007-100-61014B,.,"PO-001268, PO-001338, PO-001340","AV63-A, AV63D, AV63E",24
A007-100-62101D,.,"PO-001268, PO-001338, PO-001340","AV63-A, AV63D, AV63E",24
A007-100-62102C,.,"PO-001268, PO-001338, PO-001340","AV63-A, AV63D, AV63E",24
A007-100-62103E,.,"PO-001268, PO-001338, PO-001340","AV63-A, AV63D, AV63E",24
A007-100-62104A,.,"PO-001268, PO-001338, PO-001340","AV63-A, AV63D, AV63E",24
A007-100-62105A,.,"PO-001268, PO-001338, PO-001340","AV63-A, AV63D, AV63E",24
A007-100-62106A,.,"PO-001268, PO-001338, PO-001340","AV63-A, AV63D, AV63E",24
A007-100-62107A,.,"PO-001268, PO-001338, PO-001340","AV63-A, AV63D, AV63E",48
A007-100-62108A,.,"PO-001268, PO-001338, PO-001340","AV63-A, AV63D, AV63E",48
A007-100-62109D,.,"PO-001268, PO-001338, PO-001340","AV63-A, AV63D, AV63E",24
A007-100-62111A,.,"PO-001268, PO-001338, PO-001340","AV63-A, AV63D, AV63E",24
A007-100-62115A,.,"PO-001268, PO-001338, PO-001340","AV63-A, AV63D, AV63E",24
A007-100-62117C,.,"PO-001268, PO-001338, PO-001340","AV63-A, AV63D, AV63E",24
A007-100-62201C,.,"PO-001268, PO-001338, PO-001340","AV63-A, AV63D, AV63E",24
A007-100-62202A,.,"PO-001268, PO-001338, PO-001340","AV63-A, AV63D, AV63E",24
A007-100-62203C,.,"PO-001268, PO-001338, PO-001340","AV63-A, AV63D, AV63E",24
A007-100-62204B,.,"PO-001268, PO-001338, PO-001340","AV63-A, AV63D, AV63E",24
A007-100-62205B,.,"PO-001268, PO-001269, PO-001338, PO-001340, PO-001341, PO-001342","AV63-A, AV63-B, AV63C, AV63D, AV63E, AV63F",78
A007-100-62206B,.,"PO-001268, PO-001338, PO-001340","AV63-A, AV63D, AV63E",24
A007-100-62207B,.,"PO-001268, PO-001338, PO-001340","AV63-A, AV63D, AV63E",24
A007-100-E3908B,.,"PO-001268, PO-001338, PO-001340","AV63-A, AV63D, AV63E",24
A007-100-E3909A,.,"PO-001268, PO-001269, PO-001338, PO-001340, PO-001341, PO-001342","AV63-A, AV63-B, AV63C, AV63D, AV63E, AV63F",78
A007-100-E3913A,.,"PO-001268, PO-001269, PO-001338, PO-001340, PO-001341, PO-001342","AV63-A, AV63-B, AV63C, AV63D, AV63E, AV63F",78
A007-100-E3917A,.,"PO-001268, PO-001269, PO-001338, PO-001340, PO-001341, PO-001342","AV63-A, AV63-B, AV63C, AV63D, AV63E, AV63F",78
A007-100-E3918A,.,"PO-001268, PO-001338, PO-001340","AV63-A, AV63D, AV63E",24
A007-100-E3919B,.,"PO-001268, PO-001338, PO-001340","AV63-A, AV63D, AV63E",24
A007-100-E3920A,.,"PO-001268, PO-001338, PO-001340","AV63-A, AV63D, AV63E",48
A007-100-E3968A,.,"PO-001268, PO-001338, PO-001340","AV63-A, AV63D, AV63E",24
A007-100-GEN01,.,"PO-001269, PO-001341, PO-001342","AV63-B, AV63C, AV63F",54
A007-100-GEN01B,.,"PO-001268, PO-001338, PO-001340","AV63-A, AV63D, AV63E",24
A007-100-GEN03,.,"PO-001269, PO-001341, PO-001342","AV63-B, AV63C, AV63F",54
A007-100-GEN03B,.,"PO-001268, PO-001338, PO-001340","AV63-A, AV63D, AV63E",24
A007-100-GEN04,.,"PO-001269, PO-001341, PO-001342","AV63-B, AV63C, AV63F",54
A007-100-GEN04B,.,"PO-001268, PO-001338, PO-001340","AV63-A, AV63D, AV63E",24
A007-100-NME01,.,"PO-001268, PO-001338, PO-001340","AV63-A, AV63D, AV63E",24
A007-100-SP01A,.,"PO-001268, PO-001338, PO-001340","AV63-A, AV63D, AV63E",102
